{"cameraMode":{"drawMode":0,"name":"Shaded","section":"Shading Mode"},"sceneLighting":true,"audioPlay":false,"sceneViewState":{"showFog":true,"showMaterialUpdate":false,"showSkybox":true,"showFlares":true,"showImageEffects":true,"showParticleSystems":true},"in2DMode":false,"pivot":{"x":0.6655702590942383,"y":2.3398449420928957,"z":8.905853271484375},"rotation":{"x":0.18078497052192689,"y":0.01503165252506733,"z":-0.0028144139796495439,"w":0.9834038019180298},"size":21.427833557128908,"orthographic":false}